{
    "name": "chatroom",
    "roles": [
        "chatroom"
    ],
    "lookups": [
        "free-text",
        "keywords"
    ],
    "keywords": [
        {
            "keyword": "Babcock Banter",
            "synonyms": [
                "Babcock Banter",
                "babcock",
                "banter"
            ]
        },
        {
            "keyword": "Bascom Hill Hangout",
            "synonyms": [
                "Bascom Hill Hangout",
                "bascom",
                "hangout",
                "hill"
            ]
        },
        {
            "keyword": "Chadbourne Chats",
            "synonyms": [
                "Chadbourne Chats",
                "chad",
                "chadbourne"
            ]
        },
        {
            "keyword": "Humanities Hubbub",
            "synonyms": [
                "Humanities Hubbubb",
                "hubbub",
                "humanities"
            ]
        },
        {
            "keyword": "Memorial Union Meetups",
            "synonyms": [
                "meetups",
                "mem",
                "mem u",
                "memorial",
                "memorial union",
                "memorial union meetups",
                "union"
            ]
        },
        {
            "keyword": "Red Gym Rendezvous",
            "synonyms": [
                "Red Gym Rendezvous",
                "red gym",
                "rendezvous"
            ]
        },
        {
            "keyword": "Witte Whispers",
            "synonyms": [
                "Witte Whispers",
                "whispers",
                "witte"
            ]
        }
    ]
}
