{
    "utterances": [
        {
            "text": "asdfghjkl;",
            "entities": [],
            "traits": []
        },
        {
            "text": "chat",
            "entities": [],
            "traits": [],
            "intent": "get_chatrooms"
        },
        {
            "text": "chatrooms",
            "entities": [],
            "traits": [],
            "intent": "get_chatrooms"
        },
        {
            "text": "chats",
            "entities": [],
            "traits": [],
            "intent": "get_chatrooms"
        },
        {
            "text": "fetch the most recent post from red gym",
            "entities": [
                {
                    "entity": "chatroom:chatroom",
                    "start": 32,
                    "end": 39,
                    "body": "red gym",
                    "entities": []
                }
            ],
            "traits": [],
            "intent": "get_messages"
        },
        {
            "text": "get me the last 3 posts",
            "entities": [],
            "traits": [],
            "intent": "get_messages"
        },
        {
            "text": "get the most recent posts from mem u",
            "entities": [
                {
                    "entity": "chatroom:chatroom",
                    "start": 31,
                    "end": 34,
                    "body": "mem",
                    "entities": []
                }
            ],
            "traits": [],
            "intent": "get_messages"
        },
        {
            "text": "hello",
            "entities": [],
            "traits": [],
            "intent": "get_help"
        },
        {
            "text": "help",
            "entities": [],
            "traits": [],
            "intent": "get_help"
        },
        {
            "text": "help me",
            "entities": [],
            "traits": [],
            "intent": "get_help"
        },
        {
            "text": "how do i see posts",
            "entities": [],
            "traits": [],
            "intent": "get_messages"
        },
        {
            "text": "how does this work",
            "entities": [],
            "traits": [],
            "intent": "get_help"
        },
        {
            "text": "message",
            "entities": [],
            "traits": [],
            "intent": "get_messages"
        },
        {
            "text": "messages",
            "entities": [],
            "traits": [],
            "intent": "get_messages"
        },
        {
            "text": "oompa loompa",
            "entities": [],
            "traits": []
        },
        {
            "text": "oooompaaaa",
            "entities": [],
            "traits": []
        },
        {
            "text": "posts",
            "entities": [],
            "traits": [],
            "intent": "get_messages"
        },
        {
            "text": "pull recent messages",
            "entities": [],
            "traits": [],
            "intent": "get_messages"
        },
        {
            "text": "show me messages",
            "entities": [],
            "traits": [],
            "intent": "get_messages"
        },
        {
            "text": "show me messages in witte",
            "entities": [
                {
                    "entity": "chatroom:chatroom",
                    "start": 20,
                    "end": 25,
                    "body": "witte",
                    "entities": []
                }
            ],
            "traits": [],
            "intent": "get_messages"
        },
        {
            "text": "show me posts",
            "entities": [],
            "traits": [],
            "intent": "get_messages"
        },
        {
            "text": "show me posts on the hill",
            "entities": [
                {
                    "entity": "chatroom:chatroom",
                    "start": 21,
                    "end": 25,
                    "body": "hill",
                    "entities": []
                }
            ],
            "traits": [],
            "intent": "get_messages"
        },
        {
            "text": "show me the 4 latest posts",
            "entities": [
                {
                    "entity": "wit$number:number",
                    "start": 12,
                    "end": 13,
                    "body": "4",
                    "entities": []
                }
            ],
            "traits": [],
            "intent": "get_messages"
        },
        {
            "text": "show me the 5 latest posts in humanities",
            "entities": [
                {
                    "entity": "wit$number:number",
                    "start": 12,
                    "end": 13,
                    "body": "5",
                    "entities": []
                },
                {
                    "entity": "chatroom:chatroom",
                    "start": 30,
                    "end": 40,
                    "body": "humanities",
                    "entities": []
                }
            ],
            "traits": [],
            "intent": "get_messages"
        },
        {
            "text": "show me the latest posts in babcock",
            "entities": [
                {
                    "entity": "chatroom:chatroom",
                    "start": 28,
                    "end": 35,
                    "body": "babcock",
                    "entities": []
                }
            ],
            "traits": [],
            "intent": "get_messages"
        },
        {
            "text": "show me the latest posts in chad",
            "entities": [
                {
                    "entity": "chatroom:chatroom",
                    "start": 28,
                    "end": 32,
                    "body": "chad",
                    "entities": []
                }
            ],
            "traits": [],
            "intent": "get_messages"
        },
        {
            "text": "show me the most recent post in bascom hill",
            "entities": [
                {
                    "entity": "chatroom:chatroom",
                    "start": 32,
                    "end": 38,
                    "body": "bascom",
                    "entities": []
                },
                {
                    "entity": "chatroom:chatroom",
                    "start": 39,
                    "end": 43,
                    "body": "hill",
                    "entities": []
                }
            ],
            "traits": [],
            "intent": "get_messages"
        },
        {
            "text": "show me whispers in witte",
            "entities": [
                {
                    "entity": "chatroom:chatroom",
                    "start": 8,
                    "end": 16,
                    "body": "whispers",
                    "entities": []
                },
                {
                    "entity": "chatroom:chatroom",
                    "start": 20,
                    "end": 25,
                    "body": "witte",
                    "entities": []
                }
            ],
            "traits": [],
            "intent": "get_messages"
        },
        {
            "text": "what are the latest posts",
            "entities": [],
            "traits": [],
            "intent": "get_messages"
        },
        {
            "text": "what can i do",
            "entities": [],
            "traits": [],
            "intent": "get_help"
        },
        {
            "text": "what can you do",
            "entities": [],
            "traits": [],
            "intent": "get_help"
        },
        {
            "text": "what chatrooms are there",
            "entities": [],
            "traits": [],
            "intent": "get_chatrooms"
        },
        {
            "text": "what chatrooms can i use",
            "entities": [],
            "traits": [],
            "intent": "get_chatrooms"
        },
        {
            "text": "what do you do",
            "entities": [],
            "traits": [],
            "intent": "get_help"
        },
        {
            "text": "what functionality does this have",
            "entities": [],
            "traits": [],
            "intent": "get_help"
        },
        {
            "text": "what is this",
            "entities": [],
            "traits": [],
            "intent": "get_help"
        },
        {
            "text": "what's happening at the red gym?",
            "entities": [
                {
                    "entity": "chatroom:chatroom",
                    "start": 24,
                    "end": 31,
                    "body": "red gym",
                    "entities": []
                }
            ],
            "traits": [],
            "intent": "get_messages"
        },
        {
            "text": "what's happening in mem u?",
            "entities": [
                {
                    "entity": "chatroom:chatroom",
                    "start": 20,
                    "end": 23,
                    "body": "mem",
                    "entities": []
                }
            ],
            "traits": [],
            "intent": "get_messages"
        },
        {
            "text": "where are people chatting",
            "entities": [],
            "traits": [],
            "intent": "get_chatrooms"
        },
        {
            "text": "where can i post",
            "entities": [],
            "traits": [],
            "intent": "get_chatrooms"
        }
    ]
}
